,Elapsed time,N Paths,N stoplights,N steps,N paved edges,N unpaved edges,N unknown edge surfaces
0,49.741697216033934,2.4,47.730873015873016,0.0,120.43619047619048,1.994206349206349,127.82253968253968
