,Elapsed time,N Paths,N stoplights,N steps,N paved edges,N unpaved edges,N unknown edge surfaces
0,2.1583753347396852,1.2,2.0833333333333335,0.0,15.633333333333333,0.9333333333333332,25.366666666666664
