,Elapsed time,N Paths,N stoplights,N steps,N paved edges,N unpaved edges,N unknown edge surfaces
0,5.332356774806977,3.5,2.9378342245989306,0.0,18.160695187165775,0.10427807486631015,21.098796791443853
