,Elapsed time,N Paths,N stoplights,N steps,N paved edges,N unpaved edges,N unknown edge surfaces,Path badness
0,10.053973877429963,11.75,3.535830621047339,0.0,18.942154143108738,0.1899827024827025,21.536617341493503,31.517189060376527
