,Elapsed time,N Paths,N stoplights,N steps,N paved edges,N unpaved edges,N unknown edge surfaces
0,7.952391827106476,11.95,3.2518875776617886,0.0,18.046196722765487,0.343197303973166,22.162191758124646
