,Elapsed time,N Paths,N stoplights,N steps,N paved edges,N unpaved edges,N unknown edge surfaces,Path badness
0,7.584426462650299,11.2,3.3969801311057677,0.0,18.936102275703295,0.20276284348864995,21.768335395033187,31.430815590319135
