,Elapsed time,N Paths,N stoplights,N steps,N paved edges,N unpaved edges,N unknown edge surfaces,Path badness
0,2.8840608954429627,5.95,3.4735570769809896,0.0,15.760987907020516,0.24488636363636362,19.916570675701113,557.4559826112446
