,Elapsed time,N Paths,N stoplights,N steps,N paved edges,N unpaved edges,N unknown edge surfaces,Path badness
0,3.2824949860572814,1.5,3.919047619047619,0.0,17.89761904761905,0.13095238095238096,21.25238095238095,614.5075736316355
