,Elapsed time,N Paths,N stoplights,N steps,N paved edges,N unpaved edges,N unknown edge surfaces
0,2.7937653422355653,6.55,3.008026695526696,0.0,16.209911616161616,0.2171401515151515,20.445645743145743
