,Elapsed time,N Paths,N stoplights,N steps,N paved edges,N unpaved edges,N unknown edge surfaces,Path badness
0,8.379388749599457,12.1,2.937183586014113,0.0,18.0373739043981,0.37392583470169677,22.304299147148654,9.718272394992654
