,Elapsed time,N Paths,N stoplights,N steps,N paved edges,N unpaved edges,N unknown edge surfaces,Path badness
0,2.2049246430397034,1.85,3.3088235294117645,0.0,17.431372549019606,0.45098039215686275,22.254901960784316,623.2764197115964
