,Elapsed time,N Paths,N stoplights,N steps,N paved edges,N unpaved edges,N unknown edge surfaces,Path badness
0,5.135386598110199,3.5,2.495677361853833,0.0,18.278342245989307,0.10427807486631015,21.250757575757575,7.236187645556022
