,Elapsed time,N Paths,N stoplights,N steps,N paved edges,N unpaved edges,N unknown edge surfaces
0,2.2910911321640013,1.6,2.0714285714285716,0.0,18.98979591836735,0.5714285714285714,25.204081632653065
