,Elapsed time,N Paths,N stoplights,N steps,N paved edges,N unpaved edges,N unknown edge surfaces,Path badness
0,6.706397235393524,11.4,4.0611690778357445,0.0,17.586481069288087,0.44779077322936967,22.245726008883903,618.0453557425691
