,Elapsed time,N Paths,N stoplights,N steps,N paved edges,N unpaved edges,N unknown edge surfaces,Path badness
0,7.711743092536926,11.95,4.151777378901968,0.0,17.573317566252655,0.375197628458498,22.221537724703296,617.0251415731038
