,Elapsed time,N Paths,N stoplights,N steps,N paved edges,N unpaved edges,N unknown edge surfaces,Path badness
0,1.9169394373893738,1.2,2.6153846153846154,0.0,16.87912087912088,0.46153846153846156,25.60989010989011,8.855591086651945
