,Elapsed time,N Paths,N stoplights,N steps,N paved edges,N unpaved edges,N unknown edge surfaces,Path badness
0,2.2936427712440492,1.3,2.1785714285714284,0.0,19.602040816326532,0.16326530612244897,23.183673469387752,31.263749366227973
