,Elapsed time,N Paths,N stoplights,N steps,N paved edges,N unpaved edges,N unknown edge surfaces,Path badness
0,2.986711287498474,6.45,2.651720779220779,0.0,16.510194805194807,0.15583333333333332,19.912402597402597,27.84121549717066
