,Elapsed time,N Paths,N stoplights,N steps,N paved edges,N unpaved edges,N unknown edge surfaces,Path badness
0,2.706983518600464,1.7,2.125,0.0,17.49107142857143,0.2857142857142857,24.63392857142857,32.40062329183398
