,Elapsed time,N Paths,N stoplights,N steps,N paved edges,N unpaved edges,N unknown edge surfaces,Path badness
0,10.150632524490357,12.65,2.7742261485370325,0.0,17.953338013827498,0.3463643866421644,22.04964552513572,8.700198020173524
