,Elapsed time,N Paths,N stoplights,N steps,N paved edges,N unpaved edges,N unknown edge surfaces,Path badness
0,2.234063959121704,1.6,2.0,0.0,18.918367346938776,0.5714285714285714,26.418367346938776,7.279990061988591
