,Elapsed time,N Paths,N stoplights,N steps,N paved edges,N unpaved edges,N unknown edge surfaces
0,9.803228461742401,12.45,3.272977748467945,0.0,18.01197120780454,0.3180416805416806,22.02173895458209
