,Elapsed time,N Paths,N stoplights,N steps,N paved edges,N unpaved edges,N unknown edge surfaces,Path badness
0,3.0028111696243287,6.5,2.786207264957265,0.0,16.025004717504718,0.20880681818181818,20.551447441447444,10.258910129867457
