,Elapsed time,N Paths,N stoplights,N steps,N paved edges,N unpaved edges,N unknown edge surfaces,Path badness
0,2.033171534538269,1.9,2.6875,0.0,17.427083333333332,0.7083333333333334,22.708333333333336,629.700444792491
