,Avoid,Paved
0,148.281482878993,100.7252322179477
5,148.281482878993,101.96843114425259
10,148.281482878993,101.96843114425259
15,148.35798868971906,102.415161930678
20,150.9571399028507,102.57803387816622
25,150.9571399028507,99.30170360980745
30,154.0505406491221,98.78575539130763
35,156.91215696132636,99.76587744655808
40,150.9199970040599,98.14866752733779
45,151.628439555076,98.11495393541816
50,160.9889115493455,100.5702929261645
