,Elapsed time,N Paths,N stoplights,N steps,N paved edges,N unpaved edges,N unknown edge surfaces,Path badness
0,2.3633817076683044,1.3,3.857142857142857,0.0,18.771428571428572,0.5428571428571428,23.25238095238095,614.9473118112572
