,Elapsed time,N Paths,N stoplights,N steps,N paved edges,N unpaved edges,N unknown edge surfaces,Path badness
0,2.218583405017853,0.85,2.6363636363636362,0.0,19.61818181818182,0.29090909090909095,23.49090909090909,30.550044312124626
