,Elapsed time,N Paths,N stoplights,N steps,N paved edges,N unpaved edges,N unknown edge surfaces,Path badness
0,3.7943016052246095,0.9,12.933333333333332,0.0,39.8,0.0,42.53333333333333,1514.9067083133946
