,Elapsed time,N Paths,N stoplights,N steps,N paved edges,N unpaved edges,N unknown edge surfaces,Path badness
0,2.2350635528564453,1.2,1.8571428571428572,0.0,14.257142857142856,0.4571428571428572,23.914285714285715,34.659302916036225
