,Elapsed time,N Paths,N stoplights,N steps,N paved edges,N unpaved edges,N unknown edge surfaces,Path badness
0,77.42149517536163,3.35,38.69047619047619,0.0,94.77452380952381,1.684761904761905,92.0604761904762,156.43470033987217
