,Elapsed time,N Paths,N stoplights,N steps,N paved edges,N unpaved edges,N unknown edge surfaces,Path badness
0,48.93046275377274,1.75,35.17857142857143,0.0,125.46190476190476,2.104761904761905,124.91666666666666,155.85462342049263
