,Elapsed time,N Paths,N stoplights,N steps,N paved edges,N unpaved edges,N unknown edge surfaces
0,54.36853910684586,2.75,45.59777777777778,0.0,117.58888888888889,2.19,126.52666666666667
