,Elapsed time,N Paths,N stoplights,N steps,N paved edges,N unpaved edges,N unknown edge surfaces
0,89.86677671670914,5.45,38.49013878278585,0.0,96.15251336898396,2.017878787878788,104.96010758848995
