,Elapsed time,N Paths,N stoplights,N steps,N paved edges,N unpaved edges,N unknown edge surfaces,Path badness
0,205.97567751407624,5.95,36.104505290031604,0.0,115.46988771462456,2.348523990629254,129.16565992487048,163.58618827900344
