,Elapsed time,N Paths,N stoplights,N steps,N paved edges,N unpaved edges,N unknown edge surfaces,Path badness
0,50.670945334434506,0.15,64.66666666666667,0.0,129.66666666666666,1.6666666666666667,120.0,4380.759507553136
