,Elapsed time,N Paths,N stoplights,N steps,N paved edges,N unpaved edges,N unknown edge surfaces,Path badness
0,193.43177503347397,4.9,49.43180339087202,0.0,127.67524021004412,2.2013407072230597,121.93236551030668,208.40284415616435
