,Elapsed time,N Paths,N stoplights,N steps,N paved edges,N unpaved edges,N unknown edge surfaces
0,46.60753262042999,1.7,47.39523809523809,0.0,123.9857142857143,1.2095238095238094,128.6809523809524
