,Elapsed time,N Paths,N stoplights,N steps,N paved edges,N unpaved edges,N unknown edge surfaces
0,232.69504123926163,7.65,45.33477092352093,0.0,115.91818452380949,2.2920869408369406,123.49729347041848
