,Elapsed time,N Paths,N stoplights,N steps,N paved edges,N unpaved edges,N unknown edge surfaces,Path badness
0,40.93407154083252,0.9,54.76666666666667,0.0,128.53333333333333,0.8666666666666668,130.36666666666665,199.60218132036582
