,Elapsed time,N Paths,N stoplights,N steps,N paved edges,N unpaved edges,N unknown edge surfaces,Path badness
0,80.6840138077736,4.65,30.82254201680672,0.0,102.77713935574229,2.161925770308123,109.31317226890758,134.70378364000985
