,Elapsed time,N Paths,N stoplights,N steps,N paved edges,N unpaved edges,N unknown edge surfaces,Path badness
0,42.442574405670165,1.0,35.42857142857143,0.0,133.0,1.7142857142857142,122.0,160.6364160036041
