,Elapsed time,N Paths,N stoplights,N steps,N paved edges,N unpaved edges,N unknown edge surfaces,Path badness
0,117.26743397712707,0.8,60.166666666666664,0.0,138.35185185185185,2.9444444444444446,128.74074074074073,194.0578917161478
