,Elapsed time,N Paths,N stoplights,N steps,N paved edges,N unpaved edges,N unknown edge surfaces,Path badness
0,42.181882810592654,0.9,55.866666666666674,0.0,130.13333333333333,0.8666666666666668,129.46666666666664,198.83816369912523
