,Elapsed time,N Paths,N stoplights,N steps,N paved edges,N unpaved edges,N unknown edge surfaces,Path badness
0,48.37972238063812,1.35,50.468939393939394,0.0,120.62424242424244,2.584848484848485,124.2621212121212,214.5134725713944
