,Elapsed time,N Paths,N stoplights,N steps,N paved edges,N unpaved edges,N unknown edge surfaces
0,133.85319731235504,0.95,64.16666666666666,0.0,140.83333333333331,2.7,137.18333333333334
