,stoplights_diff,steps_diff
0,10.070783231937682,0.02247191011235955
