,Elapsed time,N Paths,N stoplights,N steps,N paved edges,N unpaved edges,N unknown edge surfaces
0,127.0047992825508,13.9,27.254967470202928,0.0,73.60067949901745,1.9772031292806915,86.60563059593532
