,Elapsed time,N Paths,N stoplights,N steps,N paved edges,N unpaved edges,N unknown edge surfaces,Path badness
0,107.32219176292419,10.7,27.10582588318606,0.0,75.90323446368552,2.2266853709604697,83.8343130202344,150.39402784695437
