,stoplights_diff,steps_diff
0,2.1597576666706306,0.013636363636363636
