,Elapsed time,N Paths,N stoplights,N steps,N paved edges,N unpaved edges,N unknown edge surfaces,Path badness
0,19.237660658359527,1.5,25.27820512820513,0.0,73.22564102564102,2.2525641025641026,88.87692307692308,159.29594201866004
