,Elapsed time,N Paths,N stoplights,N steps,N paved edges,N unpaved edges,N unknown edge surfaces
0,21.39038041830063,1.95,25.329166666666666,0.0,69.28750000000001,2.915277777777778,86.85277777777777
