,Elapsed time,N Paths,N stoplights,N steps,N paved edges,N unpaved edges,N unknown edge surfaces,Path badness
0,34.5022348356247,0.62,60.10606060606061,0.0,117.26262626262627,2.2904040404040407,125.8030303030303,4410.161705356719
