,stoplights_diff,steps_diff
0,11.111832397896578,0.023529411764705882
