,Elapsed time,N Paths,N stoplights,N steps,N paved edges,N unpaved edges,N unknown edge surfaces,Path badness
0,229.6730441093445,9.2,35.772875240701325,0.0,113.29262293262295,2.428072688181384,127.06346093520006,159.0417578191225
