,Elapsed time,N Paths,N stoplights,N steps,N paved edges,N unpaved edges,N unknown edge surfaces
0,272.28509653806685,12.35,47.55333791208791,0.0,119.54882614934084,2.2752858660946895,124.29113898356545
