,Elapsed time,N Paths,N stoplights,N steps,N paved edges,N unpaved edges,N unknown edge surfaces
0,146.69569236040115,4.75,69.60290501165501,0.0,161.49259324009324,2.573321678321679,160.42696872571872
