,Elapsed time,N Paths,N stoplights,N steps,N paved edges,N unpaved edges,N unknown edge surfaces
0,20.609564208984374,2.1,28.776666666666664,0.0,77.47666666666666,1.3633333333333335,85.29666666666665
