,Elapsed time,N Paths,N stoplights,N steps,N paved edges,N unpaved edges,N unknown edge surfaces,Path badness
0,32.05434753894806,3.45,23.552081529581532,0.0,66.83594877344878,1.685974025974026,71.99478715728716,125.78701258272659
