,Elapsed time,N Paths,N stoplights,N steps,N paved edges,N unpaved edges,N unknown edge surfaces,Path badness
0,30.82569031715393,1.6,34.06628787878788,0.0,86.20517676767678,4.691919191919192,85.82954545454545,2988.6047347574813
