,Elapsed time,N Paths,N stoplights,N steps,N paved edges,N unpaved edges,N unknown edge surfaces
0,84.05446557998657,7.8,26.127076543032224,0.0,71.30078815459702,2.2435303569929608,86.26045154752912
