,Elapsed time,N Paths,N stoplights,N steps,N paved edges,N unpaved edges,N unknown edge surfaces,Path badness
0,77.70191051959992,6.8,19.732560461453197,0.0,68.20116195799586,2.2809903187930867,89.13691637082641,84.15241127478374
