,Elapsed time,N Paths,N stoplights,N steps,N paved edges,N unpaved edges,N unknown edge surfaces
0,57.703033916950226,8.28,28.62783016353176,0.0,74.77822798481176,2.095853490078475,84.84965600008056
