,Elapsed time,N Paths,N stoplights,N steps,N paved edges,N unpaved edges,N unknown edge surfaces,Path badness
0,66.10833812952042,1.25,28.651515151515152,0.0,80.48484848484848,3.227272727272727,89.63636363636364,151.27559479943034
