,Elapsed time,N Paths,N stoplights,N steps,N paved edges,N unpaved edges,N unknown edge surfaces,Path badness
0,72.37707917690277,5.2,27.64830659536542,0.0,77.59270011034717,2.1252588914353616,84.78891435362024,147.35784139635732
