,Elapsed time,N Paths,N stoplights,N steps,N paved edges,N unpaved edges,N unknown edge surfaces,Path badness
0,19.421901512145997,2.6,20.4375,0.0,85.10138888888889,1.0138888888888888,93.94305555555555,81.87114375182004
