,Elapsed time,N Paths,N stoplights,N steps,N paved edges,N unpaved edges,N unknown edge surfaces
0,72.0785888671875,2.05,23.911507936507938,0.0,65.78531746031747,3.0543650793650796,85.56111111111112
