,Elapsed time,N Paths,N stoplights,N steps,N paved edges,N unpaved edges,N unknown edge surfaces,Path badness
0,97.93140199184418,7.15,20.595495553828886,0.0,71.16335362168695,2.122399205732539,87.96658896658896,86.76426124612487
