,Elapsed time,N Paths,N stoplights,N steps,N paved edges,N unpaved edges,N unknown edge surfaces,Path badness
0,90.98894890546799,5.45,27.82811167945439,0.0,77.66224069337879,2.0724353509519746,84.94558113100312,147.43509049490746
