,Elapsed time,N Paths,N stoplights,N steps,N paved edges,N unpaved edges,N unknown edge surfaces,Path badness
0,24.86861163377762,1.55,33.823232323232325,0.0,84.62184343434343,4.816919191919192,86.36426767676768,2989.299033309072
