,Elapsed time,N Paths,N stoplights,N steps,N paved edges,N unpaved edges,N unknown edge surfaces,Path badness
0,67.8514054775238,1.25,15.673076923076923,0.0,66.6923076923077,3.1423076923076922,91.18846153846154,63.105845452024695
