,Elapsed time,N Paths,N stoplights,N steps,N paved edges,N unpaved edges,N unknown edge surfaces
0,107.45121721029281,7.95,25.96317995946805,0.0,71.2168392472409,2.1947076423115206,85.39299232930813
