,Elapsed time,N Paths,N stoplights,N steps,N paved edges,N unpaved edges,N unknown edge surfaces
0,35.427690505981445,5.35,23.379965659340662,0.0,62.71987026862028,1.9480578449328447,77.65644383394383
