,Elapsed time,N Paths,N stoplights,N steps,N paved edges,N unpaved edges,N unknown edge surfaces,Path badness
0,34.66313638687134,4.7,16.308454184704186,0.0,57.966268037518034,1.7581998556998557,77.57974927849929,68.16221833587964
