,Elapsed time,N Paths,N stoplights,N steps,N paved edges,N unpaved edges,N unknown edge surfaces
0,5.429100251197815,1.2,10.888888888888891,0.0,49.88888888888889,1.1111111111111112,50.27777777777777
