,Elapsed time,N Paths,N stoplights,N steps,N paved edges,N unpaved edges,N unknown edge surfaces
0,28.703285121917723,7.8,11.108435059092953,0.0,39.7774257175573,0.7524669774669775,46.07654501930818
