,Elapsed time,N Paths,N stoplights,N steps,N paved edges,N unpaved edges,N unknown edge surfaces
0,9.386638712882995,4.2,9.112575757575758,0.0,36.23064393939394,0.7462121212121212,43.11450757575758
