,Elapsed time,N Paths,N stoplights,N steps,N paved edges,N unpaved edges,N unknown edge surfaces,Path badness
0,4.920835781097412,0.9,10.19047619047619,0.0,47.047619047619044,0.8571428571428571,46.57142857142857,68.09653562716709
