,Elapsed time,N Paths,N stoplights,N steps,N paved edges,N unpaved edges,N unknown edge surfaces,Path badness
0,33.72278760671615,12.35,8.339703401173988,0.0,36.9434715692804,1.1812356352797528,46.17869287575171,34.010320256369226
