,Elapsed time,N Paths,N stoplights,N steps,N paved edges,N unpaved edges,N unknown edge surfaces,Path badness
0,25.162209045886993,6.15,10.757048896999876,0.0,42.08914742664743,0.7118730488828529,45.570317436739,74.54176448776134
