,Elapsed time,N Paths,N stoplights,N steps,N paved edges,N unpaved edges,N unknown edge surfaces
0,18.763103079795837,2.5,12.704755892255893,0.0,38.216203703703705,0.6680555555555556,44.12218013468013
