,Elapsed time,N Paths,N stoplights,N steps,N paved edges,N unpaved edges,N unknown edge surfaces,Path badness
0,26.812717509269714,6.55,9.097442680776014,0.0,40.50502645502646,0.795679012345679,46.24232804232804,33.94745477389995
