,Elapsed time,N Paths,N stoplights,N steps,N paved edges,N unpaved edges,N unknown edge surfaces,Path badness
0,3.748064363002777,0.7,18.458333333333332,0.0,45.666666666666664,0.25,45.375,1485.0104198736335
