,Elapsed time,N Paths,N stoplights,N steps,N paved edges,N unpaved edges,N unknown edge surfaces,Path badness
0,9.56927318572998,3.85,14.528531925590746,0.0,39.24861739567622,0.6564856711915535,48.56950729009552,1514.295649672465
