,Elapsed time,N Paths,N stoplights,N steps,N paved edges,N unpaved edges,N unknown edge surfaces,Path badness
0,5.358359444141388,2.25,8.786666666666667,0.0,25.73416666666667,0.18333333333333332,33.01375,1066.2935541202974
