,Elapsed time,N Paths,N stoplights,N steps,N paved edges,N unpaved edges,N unknown edge surfaces,Path badness
0,9.48854249715805,3.9,6.938321678321678,0.0,35.167619463869464,0.8128787878787879,40.243918997669,26.596796536497692
