,Elapsed time,N Paths,N stoplights,N steps,N paved edges,N unpaved edges,N unknown edge surfaces,Path badness
0,20.472279453277586,5.65,10.728330220977279,0.0,42.38821584189232,0.6852124183006536,45.3541627762216,74.32958654040867
