,Elapsed time,N Paths,N stoplights,N steps,N paved edges,N unpaved edges,N unknown edge surfaces,Path badness
0,21.31209808588028,6.05,9.128461199294534,0.0,40.73280423280423,0.8202601410934744,46.447663139329805,33.651751485784644
