,Elapsed time,N Paths,N stoplights,N steps,N paved edges,N unpaved edges,N unknown edge surfaces,Path badness
0,17.870100367069245,2.05,13.739583333333334,0.0,44.22215909090909,0.36517857142857146,44.83138528138528,72.35444786863836
