,Elapsed time,N Paths,N stoplights,N steps,N paved edges,N unpaved edges,N unknown edge surfaces
0,23.095441830158233,7.35,11.326961152882205,0.0,39.88266290726818,0.770438596491228,46.123853383458645
