,Elapsed time,N Paths,N stoplights,N steps,N paved edges,N unpaved edges,N unknown edge surfaces,Path badness
0,8.660063159465789,3.1,9.58515873015873,0.0,37.48952380952381,0.7925000000000001,41.30206349206349,67.687415686536
