,Elapsed time,N Paths,N stoplights,N steps,N paved edges,N unpaved edges,N unknown edge surfaces,Path badness
0,11.953976762294769,4.05,14.539556848380377,0.0,39.27556920203978,0.6532176973353444,49.04760109171874,1515.369007607663
