,Elapsed time,N Paths,N stoplights,N steps,N paved edges,N unpaved edges,N unknown edge surfaces,Path badness
0,18.653270041942598,2.1,10.368055555555555,0.0,38.9837962962963,0.8287037037037037,43.68055555555556,43.71258260344641
