,Elapsed time,N Paths,N stoplights,N steps,N paved edges,N unpaved edges,N unknown edge surfaces,Path badness
0,5.100651025772095,1.2,8.375,0.0,43.583333333333336,0.75,48.47916666666667,32.22117041079351
