,stoplights_diff,steps_diff
0,3.6988063604236157,0.025974025974025976
