,stoplights_diff,steps_diff
0,6.382245656512058,-0.0016176587775918396
