,stoplights_diff,steps_diff
0,15.407968576802851,-0.0037453183520599247
