,Elapsed time,N Paths,N stoplights,N steps,N paved edges,N unpaved edges,N unknown edge surfaces
0,20.137841129302977,2.2,28.823333333333334,0.0,77.25666666666666,1.3466666666666667,85.58
