,Elapsed time,N Paths,N stoplights,N steps,N paved edges,N unpaved edges,N unknown edge surfaces
0,3.296587951183319,7.8,3.814085281373273,0.0,13.350857079329302,0.7507812791256814,19.905656060993117
