,Elapsed time,N Paths,N stoplights,N steps,N paved edges,N unpaved edges,N unknown edge surfaces
0,5.468896913528442,1.25,11.0,0.0,50.055555555555564,1.3472222222222223,50.083333333333336
