,Elapsed time,N Paths,N stoplights,N steps,N paved edges,N unpaved edges,N unknown edge surfaces,Path badness
0,5.664410853385926,1.3,9.559523809523808,0.0,45.464285714285715,1.1428571428571428,47.16666666666667,34.12047461582891
