,Elapsed time,N Paths,N stoplights,N steps,N paved edges,N unpaved edges,N unknown edge surfaces,Path badness
0,10.879509115219117,15.55,3.0507300812288025,0.0,18.842956274882958,0.1900793650793651,22.619137463212486,10.428011389226379
