,Elapsed time,N Paths,N stoplights,N steps,N paved edges,N unpaved edges,N unknown edge surfaces
0,11.115959572792054,15.4,3.535833004583005,0.0,18.695118007618007,0.19433927975594642,22.623171637754968
