,Elapsed time,N Paths,N stoplights,N steps,N paved edges,N unpaved edges,N unknown edge surfaces
0,3.284189233779907,6.48,3.962156598835456,0.0,13.435765716857295,0.683621762325466,19.973920737739583
