,stoplights_diff,steps_diff
0,2.19066696197641,0.012048192771084338
