,Elapsed time,N Paths,N stoplights,N steps,N paved edges,N unpaved edges,N unknown edge surfaces,Path badness
0,30.98744168281555,11.85,10.289686209384485,0.0,38.65113648803303,1.1597618114643975,44.12463570433398,78.7464751196686
