,Elapsed time,N Paths,N stoplights,N steps,N paved edges,N unpaved edges,N unknown edge surfaces
0,35.27310856580734,13.3,10.302749742087979,0.0,37.34955276749395,1.1355900390459213,45.75218506983212
